"","year.site.ppq","Dead_Branching","Dead_Columnar","Dead_Foliose","Dead_Massive","Dead_SoftCoral","Dead_Tabulate","Live_Branching","Live_Columnar","Live_Digitate","Live_Encrusting","Live_Enrusting_Columnar","Live_Foliose","Live_FreeLiving","Live_Massive","Live_Massive_Grooved","Live_Porites","Live_SubMassive","Live_Tabulate","Macroalgae","NonCoral_Encrusting","NonCoral_Massive","NonCoral_SubMassive","Rubble","Sand","SoftCoral_Nodular","SoftCoral_Plating","NonCoral_Branching","year","hum_dist","region","site"
"1","2015.8.1",37,8,1,1,0,0,51,5,0,304,1,53,18,150,22,41,30,0,9,1,3,3,90,12,3,4,0,2015,"Medium","S.Lagoon",8
"2","2015.8.2",15,0,1,3,0,0,45,0,0,246,0,57,21,188,31,41,48,0,33,0,0,0,10,0,7,0,0,2015,"Medium","S.Lagoon",8
"3","2015.8.3",12,0,0,1,0,0,20,0,1,131,1,17,7,90,6,49,19,0,30,0,2,0,62,25,9,4,0,2015,"Medium","S.Lagoon",8
"4","2015.34.1",25,2,0,1,0,0,28,1,0,290,0,2,5,141,8,67,19,0,78,0,1,0,60,15,1,6,0,2015,"Medium","S.Lagoon",34
"5","2015.34.2",35,0,0,1,0,0,33,0,2,300,0,41,15,94,8,51,34,0,61,0,0,0,62,1,0,1,0,2015,"Medium","S.Lagoon",34
"6","2015.34.3",24,0,0,1,0,0,47,0,0,222,0,20,3,78,5,59,11,0,96,5,1,5,62,0,2,0,0,2015,"Medium","S.Lagoon",34
"7","2015.35.1",11,0,0,1,0,0,35,1,0,157,0,5,1,84,6,44,13,0,8,0,0,1,102,67,0,0,0,2015,"Medium","S.Lagoon",35
"8","2015.35.2",5,0,0,1,0,0,41,0,0,128,0,1,0,97,8,43,7,2,2,0,0,0,34,12,0,3,0,2015,"Medium","S.Lagoon",35
"9","2015.35.3",31,0,0,1,0,0,36,2,0,214,0,29,8,135,3,89,27,0,64,4,5,0,41,21,0,1,0,2015,"Medium","S.Lagoon",35
"10","2015.27.1",3,0,0,13,0,0,6,0,0,46,0,6,2,26,0,11,0,0,28,0,0,0,1,107,0,0,0,2015,"Very High","N.Lagoon",27
"11","2015.27.2",0,0,0,19,0,0,2,0,0,0,0,0,2,7,0,0,0,0,19,0,0,0,1,34,0,0,0,2015,"Very High","N.Lagoon",27
"12","2015.27.3",2,0,0,10,0,0,1,0,0,5,0,0,2,9,0,3,0,0,8,0,0,0,1,81,0,0,0,2015,"Very High","N.Lagoon",27
"13","2015.30.1",10,1,0,1,0,0,23,0,0,174,1,1,8,62,8,51,13,2,1,0,0,0,88,110,0,1,0,2015,"Very High","N.Lagoon",30
"14","2015.30.2",4,0,0,97,0,0,19,0,1,22,0,1,0,57,2,19,10,0,0,0,0,0,1,32,0,0,0,2015,"Very High","N.Lagoon",30
"15","2015.30.3",14,0,0,143,0,0,22,0,1,132,0,13,1,31,1,65,11,0,4,0,0,0,1,132,1,2,0,2015,"Very High","N.Lagoon",30
"16","2015.32.1",4,0,0,28,0,0,14,1,0,14,0,13,9,29,0,2,1,0,7,0,0,2,1,51,0,0,0,2015,"Very High","N.Lagoon",32
"17","2015.32.2",2,0,0,14,0,0,10,0,0,28,0,2,3,21,1,0,1,0,2,0,0,0,1,0,1,0,0,2015,"Very High","N.Lagoon",32
"18","2015.32.3",1,0,0,28,0,0,6,0,0,19,0,10,1,11,0,3,0,0,29,0,0,2,1,125,0,0,0,2015,"Very High","N.Lagoon",32
"19","2015.15.1",64,0,16,74,0,7,3,0,0,16,0,55,0,2,0,8,15,6,1,0,0,0,2,0,0,0,0,2015,"Very Low","BOW",15
"20","2015.15.2",19,0,17,6,0,3,31,0,0,32,2,59,0,7,1,3,15,32,0,0,0,0,3,0,0,0,0,2015,"Very Low","BOW",15
"21","2015.15.3",70,0,56,1,0,0,72,0,0,93,5,143,1,6,0,14,40,37,0,0,0,0,6,0,0,0,0,2015,"Very Low","BOW",15
"22","2015.19.1",55,0,2,1,0,6,119,0,0,42,0,19,1,2,0,8,48,2,1,1,0,1,1,0,0,0,0,2015,"Very Low","BOW",19
"23","2015.19.2",57,0,8,1,0,3,64,0,0,31,0,102,0,2,1,5,23,9,15,0,0,0,0,0,0,0,0,2015,"Very Low","BOW",19
"24","2015.5.1",28,0,4,1,0,0,38,1,1,188,0,41,10,61,8,16,50,0,6,0,3,0,0,0,20,0,0,2015,"Very Low","Vaskes",5
"25","2015.5.2",20,0,9,1,3,0,6,0,4,114,0,13,11,55,1,39,20,0,75,0,1,0,22,6,24,30,0,2015,"Very Low","Vaskes",5
"26","2015.5.3",11,0,5,1,0,0,24,0,0,88,1,32,35,70,43,16,37,0,52,0,0,1,3,0,19,0,0,2015,"Very Low","Vaskes",5
"27","2017.8.1",14,0,0,1,0,0,5,0,0,65,0,0,2,69,0,22,19,0,37,0,3,0,98,8,0,0,0,2017,"Medium","S.Lagoon",8
"28","2017.8.2",27,0,0,82,0,1,1,0,0,29,0,0,2,57,3,15,29,0,6,0,0,0,0,0,0,0,0,2017,"Medium","S.Lagoon",8
"29","2017.8.3",26,0,5,1,0,0,3,0,0,28,0,0,4,28,2,28,6,0,132,0,1,0,19,29,1,0,0,2017,"Medium","S.Lagoon",8
"30","2017.34.1",44,0,0,1,0,0,1,0,0,94,0,0,3,58,1,36,9,0,178,0,0,0,14,90,0,0,0,2017,"Medium","S.Lagoon",34
"31","2017.34.2",17,0,0,1,0,0,4,0,0,60,0,0,5,40,0,21,11,0,26,0,0,0,14,26,0,0,0,2017,"Medium","S.Lagoon",34
"32","2017.34.3",18,0,0,96,0,0,4,0,0,35,0,0,2,19,2,15,4,0,1,0,0,0,22,41,0,0,0,2017,"Medium","S.Lagoon",34
"33","2017.35.1",32,0,0,1,0,0,9,0,0,99,0,0,1,63,0,44,19,0,64,0,0,0,94,101,0,0,0,2017,"Medium","S.Lagoon",35
"34","2017.35.2",31,0,0,1,0,1,2,0,0,56,0,0,1,97,1,32,6,0,44,0,0,0,8,17,0,0,0,2017,"Medium","S.Lagoon",35
"35","2017.35.3",30,0,0,2,0,0,6,0,0,87,0,1,2,45,0,53,12,0,86,0,1,0,21,37,0,0,0,2017,"Medium","S.Lagoon",35
"36","2017.27.1",0,0,0,14,0,0,1,0,0,2,0,0,1,1,0,2,1,0,64,0,0,0,1,140,0,0,0,2017,"Very High","N.Lagoon",27
"37","2017.27.2",0,0,0,10,0,0,0,0,0,0,0,0,0,0,0,0,0,0,1,0,0,0,1,24,0,0,0,2017,"Very High","N.Lagoon",27
"38","2017.27.3",1,0,0,18,0,0,0,0,0,0,0,0,0,1,0,0,0,0,0,0,0,0,1,30,0,0,0,2017,"Very High","N.Lagoon",27
"39","2017.30.1",12,0,0,1,0,0,1,0,0,8,0,0,3,6,0,21,4,0,34,0,0,0,85,98,0,0,0,2017,"Very High","N.Lagoon",30
"40","2017.30.2",7,0,0,14,0,0,2,0,0,7,0,0,0,7,0,6,4,0,8,0,0,0,1,0,0,0,0,2017,"Very High","N.Lagoon",30
"41","2017.30.3",16,0,0,2,0,0,0,0,0,1,0,0,0,4,0,13,9,0,11,0,0,0,8,4,0,0,0,2017,"Very High","N.Lagoon",30
"42","2017.32.1",4,0,0,22,0,0,1,0,0,0,0,0,2,2,0,0,0,0,3,0,0,0,1,32,1,0,0,2017,"Very High","N.Lagoon",32
"43","2017.32.2",4,0,0,28,0,0,1,0,0,11,0,0,1,9,0,0,0,0,0,0,0,0,1,1,0,0,0,2017,"Very High","N.Lagoon",32
"44","2017.32.3",4,0,0,56,0,0,2,0,0,1,0,1,0,3,0,0,0,0,15,0,1,0,1,242,0,0,0,2017,"Very High","N.Lagoon",32
"45","2017.15.1",53,0,0,42,0,3,3,0,0,15,0,0,0,2,0,8,15,0,1,0,0,0,2,0,0,0,0,2017,"Very Low","BOW",15
"46","2017.15.2",2,0,9,41,0,18,2,0,0,19,0,0,0,2,0,2,10,0,0,0,0,0,6,0,0,0,0,2017,"Very Low","BOW",15
"47","2017.15.3",1,0,43,66,0,6,4,2,0,41,0,4,1,3,0,12,38,0,57,0,0,0,2,1,0,0,0,2017,"Very Low","BOW",15
"48","2017.19.1",78,0,0,1,0,11,0,0,0,37,0,0,0,0,0,3,12,0,19,0,0,0,14,1,0,0,0,2017,"Very Low","BOW",19
"49","2017.19.2",48,0,19,1,0,3,0,0,0,15,0,0,0,1,0,1,13,0,12,0,0,0,5,0,0,0,0,2017,"Very Low","BOW",19
"50","2017.19.3",49,0,20,40,0,20,2,0,0,11,0,3,0,2,0,5,9,0,23,0,0,0,1,0,0,0,0,2017,"Very Low","BOW",19
"51","2017.5.1",54,0,10,1,1,0,0,0,0,61,0,1,0,37,3,12,33,0,144,0,0,0,5,0,0,0,0,2017,"Very Low","Vaskes",5
"52","2017.5.2",11,0,2,113,0,0,3,0,0,47,0,1,7,28,4,23,9,0,20,0,1,0,14,11,0,0,0,2017,"Very Low","Vaskes",5
"53","2017.5.3",26,0,5,1,1,0,0,0,0,14,0,2,12,27,7,10,10,0,17,0,0,0,1,0,0,1,0,2017,"Very Low","Vaskes",5
"54","2017.37.1",14,0,1,68,0,0,6,0,1,29,0,0,2,30,0,23,7,0,319,0,0,0,3,43,0,0,0,2017,"Very Low","Vaskes",37
"55","2017.37.2",13,0,0,1,0,0,3,0,0,28,0,0,0,9,1,22,5,0,29,0,0,0,6,17,0,0,0,2017,"Very Low","Vaskes",37
"56","2017.37.3",29,0,1,1,3,0,1,0,0,20,0,0,5,19,1,19,9,0,21,0,0,0,8,2,0,0,0,2017,"Very Low","Vaskes",37
"57","2019.8.1",26,0,1,4,0,0,46,0,2,191,0,0,10,116,9,46,67,0,23,0,1,0,98,17,1,0,0,2019,"Medium","S.Lagoon",8
"58","2019.8.2",36,0,0,1,0,0,25,0,0,153,0,0,10,128,8,29,53,0,57,0,1,0,5,0,0,1,0,2019,"Medium","S.Lagoon",8
"59","2019.8.3",18,0,0,1,0,0,13,0,0,88,0,0,1,49,3,25,24,0,87,0,0,0,41,46,0,0,0,2019,"Medium","S.Lagoon",8
"60","2019.34.1",30,0,0,5,0,0,17,0,0,156,0,0,17,103,2,57,21,0,206,0,1,0,71,113,0,0,0,2019,"Medium","S.Lagoon",34
"61","2019.34.2",15,0,0,1,0,0,19,0,0,276,0,0,6,88,1,50,21,0,134,0,1,0,157,47,0,0,0,2019,"Medium","S.Lagoon",34
"62","2019.34.3",36,0,0,1,0,0,30,0,0,217,0,0,5,39,2,56,11,0,287,0,1,0,129,59,0,0,0,2019,"Medium","S.Lagoon",34
"63","2019.35.1",32,0,0,1,0,0,29,0,0,246,1,1,4,94,0,61,20,0,213,0,1,0,149,140,0,0,0,2019,"Medium","S.Lagoon",35
"64","2019.35.2",25,0,0,4,0,1,21,0,3,239,0,0,3,133,5,55,27,0,75,0,2,0,18,37,0,0,1,2019,"Medium","S.Lagoon",35
"65","2019.35.3",22,0,0,1,0,0,29,0,1,178,0,1,5,125,2,60,27,2,64,0,4,0,16,11,0,0,0,2019,"Medium","S.Lagoon",35
"66","2019.27.1",0,0,0,8,0,0,4,0,0,9,0,0,3,3,0,5,0,0,56,0,0,0,1,120,0,0,0,2019,"Very High","N.Lagoon",27
"67","2019.27.2",0,0,0,7,0,0,0,0,0,6,0,0,0,3,0,0,0,0,16,0,0,0,1,58,0,0,0,2019,"Very High","N.Lagoon",27
"68","2019.27.3",1,0,0,7,0,0,1,0,0,2,0,0,0,0,0,1,0,0,10,0,0,0,1,13,0,0,0,2019,"Very High","N.Lagoon",27
"69","2019.30.1",6,0,0,9,0,0,0,0,0,1,0,0,1,0,0,0,0,0,5,0,0,0,1,40,0,0,0,2019,"Very High","N.Lagoon",30
"70","2019.30.2",7,0,0,24,0,0,9,0,0,19,0,0,0,6,0,5,6,0,59,0,0,0,1,85,0,0,0,2019,"Very High","N.Lagoon",30
"71","2019.30.3",19,0,0,119,0,0,16,0,0,18,0,0,3,11,0,25,12,0,199,0,0,0,2,217,1,0,0,2019,"Very High","N.Lagoon",30
"72","2019.32.1",6,0,0,9,0,0,0,0,0,1,0,0,1,0,0,0,0,0,5,0,0,0,1,40,0,0,0,2019,"Very High","N.Lagoon",32
"73","2019.32.2",1,0,0,21,0,0,3,0,0,3,0,0,0,3,0,0,0,0,1,0,0,0,1,1,0,0,0,2019,"Very High","N.Lagoon",32
"74","2019.32.3",0,0,0,17,0,0,1,0,0,3,0,0,0,2,0,1,0,0,0,0,0,0,1,127,0,0,0,2019,"Very High","N.Lagoon",32
"75","2019.5.1",49,1,0,1,0,0,17,0,0,174,2,0,9,60,13,13,52,0,64,0,0,0,11,5,0,1,0,2019,"Very Low","Vaskes",5
"76","2019.5.2",9,0,0,1,3,0,18,0,0,202,0,0,17,44,0,33,14,0,101,0,0,0,19,5,0,3,0,2019,"Very Low","Vaskes",5
"77","2019.5.3",23,0,1,1,5,0,16,0,0,151,1,1,28,51,19,8,35,0,126,0,0,0,5,0,1,2,0,2019,"Very Low","Vaskes",5
"78","2019.37.1",14,0,0,80,0,0,23,0,1,104,0,0,6,94,1,75,18,0,161,0,0,0,1,123,2,0,0,2019,"Very Low","Vaskes",37
"79","2019.37.2",9,0,0,40,0,0,19,0,0,58,0,0,2,31,3,30,11,0,13,0,0,0,1,7,0,3,0,2019,"Very Low","Vaskes",37
"80","2019.37.3",32,0,0,53,2,0,12,0,0,75,0,1,8,40,6,25,27,0,15,0,0,0,1,0,2,0,0,2019,"Very Low","Vaskes",37
